id,t,trialtype,cs,us,vacuum,opto_on,opto_off,ustype,us_stop,cstype,first_lick
1,647.432533333333,ODOR-ON_1,NaN,647.960033333333,NaN,NaN,NaN,Odor,657.954133333333,,NaN
2,688.3072,ODOR-ON_1,NaN,688.833366666667,NaN,NaN,NaN,Odor,698.8288,,NaN
3,729.096533333333,ODOR-ON_1,NaN,729.612466666667,NaN,NaN,NaN,Odor,739.592533333333,,730.627
4,769.9712,PAUSE_120,NaN,NaN,NaN,NaN,NaN,,NaN,,NaN
5,891.844266666667,TONE_1_LAG_500_REW_1_LAG_2000_VACUUM_1,892.3648,894.1022,896.113966666667,NaN,NaN,REW_1,NaN,,894.298
6,911.266133333333,TONE_1_LAG_500_REW_1_LAG_2000_VACUUM_1,911.778133333333,913.472633333333,915.478433333333,NaN,NaN,REW_1,NaN,,913.612
7,930.6368,TONE_1_LAG_500_REW_1_LAG_2000_VACUUM_1,931.131733333333,932.821833333333,934.8359,NaN,NaN,REW_1,NaN,,933.101
8,950.007466666667,TONE_1_LAG_500_REW_1_LAG_2000_VACUUM_1,950.519466666667,952.209566666667,954.2173,NaN,NaN,REW_1,NaN,,NaN
9,969.378133333333,TONE_1_LAG_2500,969.890133333333,NaN,NaN,NaN,NaN,,NaN,,NaN
10,988.731733333333,TONE_1_LAG_500_REW_2_LAG_2000_VACUUM_1,989.2608,990.928733333333,992.9394,NaN,NaN,REW_2,NaN,,NaN
11,1008.11946666667,TONE_1_LAG_500_REW_2_LAG_2000_VACUUM_1,1008.64853333333,1010.32696666667,1012.33366666667,NaN,NaN,REW_2,NaN,,1010.452
12,1027.49013333333,TONE_1_LAG_500_REW_2_LAG_2000_VACUUM_1,1028.00213333333,1029.68426666667,1031.69393333333,NaN,NaN,REW_2,NaN,,1029.819
13,1046.9888,TONE_1_LAG_500_REW_3_LAG_2000_VACUUM_1,1047.5008,1049.18236666667,1051.19656666667,NaN,NaN,REW_3,NaN,,1049.34
14,1066.35946666667,TONE_1_LAG_500_REW_1_LAG_2000_VACUUM_1,1066.84586666667,1068.55013333333,1070.55336666667,NaN,NaN,REW_1,NaN,,1068.686
15,1085.7472,TONE_1_LAG_500_REW_1_LAG_2000_VACUUM_1,1086.24213333333,1087.949,1089.96266666667,NaN,NaN,REW_1,NaN,,1088.222
16,1105.152,TONE_1_LAG_500_REW_1_LAG_2000_VACUUM_1,1105.664,1107.35036666667,1109.372,NaN,NaN,REW_1,NaN,,NaN
17,1124.52266666667,PAUSE_120,NaN,NaN,NaN,NaN,NaN,,NaN,,NaN
18,1246.37013333333,TONE_1_LAG_500_REW_1_LAG_2000_VACUUM_1,1246.88213333333,1248.5733,1250.57633333333,NaN,NaN,REW_1,NaN,,1250.818
19,1265.7408,TONE_1_LAG_500_REW_1_LAG_2000_VACUUM_1,1266.2528,1267.9508,1269.95586666667,NaN,NaN,REW_1,NaN,,1269.993
20,1285.16266666667,TONE_1_LAG_500_REW_1_LAG_2000_VACUUM_1,1285.67466666667,1287.3618,1289.37553333333,NaN,NaN,REW_1,NaN,,1287.519
21,1304.56746666667,TONE_1_LAG_500_REW_1_LAG_2000_VACUUM_1,1305.07946666667,1306.7841,1308.79803333333,NaN,NaN,REW_1,NaN,,1306.942
22,1323.94666666667,TONE_1_LAG_2500,1324.43306666667,NaN,NaN,NaN,NaN,,NaN,,NaN
23,1343.3088,TONE_1_LAG_500_REW_2_LAG_2000_VACUUM_1,1343.80373333333,1345.487,1347.4956,NaN,NaN,REW_2,NaN,,NaN
24,1362.6624,TONE_1_LAG_500_REW_2_LAG_2000_VACUUM_1,1363.1744,1364.8537,1366.86826666667,NaN,NaN,REW_2,NaN,,1364.866
25,1382.03306666667,TONE_1_LAG_500_REW_2_LAG_2000_VACUUM_1,1382.53653333333,1384.24393333333,1386.25706666667,NaN,NaN,REW_2,NaN,,NaN
26,1401.40373333333,TONE_1_LAG_500_REW_3_LAG_2000_VACUUM_1,1401.91573333333,1403.60426666667,1405.62183333333,NaN,NaN,REW_3,NaN,,1403.813
27,1420.79146666667,TONE_1_LAG_500_REW_1_LAG_2000_VACUUM_1,1421.312,1423.00456666667,1425.01543333333,NaN,NaN,REW_1,NaN,,1424.947
28,1440.16213333333,TONE_1_LAG_500_REW_1_LAG_2000_VACUUM_1,1440.64853333333,1442.34426666667,1444.36203333333,NaN,NaN,REW_1,NaN,,1442.568
29,1459.51573333333,TONE_1_LAG_500_REW_1_LAG_2000_VACUUM_1,1460.00213333333,1461.71726666667,1463.73313333333,NaN,NaN,REW_1,NaN,,1461.868
30,1478.8864,PAUSE_120,NaN,NaN,NaN,NaN,NaN,,NaN,,NaN
31,1600.63146666667,TONE_1_LAG_500_REW_1_LAG_2000_VACUUM_1,1601.1264,1602.8229,1604.83763333333,NaN,NaN,REW_1,NaN,,1603.034
32,1619.9424,TONE_1_LAG_500_REW_1_LAG_2000_VACUUM_1,1620.4544,1622.1538,1624.1697,NaN,NaN,REW_1,NaN,,1622.209
33,1639.33013333333,TONE_1_LAG_500_REW_1_LAG_2000_VACUUM_1,1639.84213333333,1641.51733333333,1643.5302,NaN,NaN,REW_1,NaN,,1641.644
34,1658.7008,TONE_1_LAG_500_REW_1_LAG_2000_VACUUM_1,1659.2128,1660.89986666667,1662.90903333333,NaN,NaN,REW_1,NaN,,NaN
35,1678.07146666667,TONE_1_LAG_2500,1678.5664,NaN,NaN,NaN,NaN,,NaN,,NaN
36,1697.44213333333,TONE_1_LAG_500_REW_2_LAG_2000_VACUUM_1,1697.97973333333,1699.65433333333,1701.65506666667,NaN,NaN,REW_2,NaN,,1699.811
37,1716.8128,TONE_1_LAG_500_REW_2_LAG_2000_VACUUM_1,1717.31626666667,1719.01473333333,1721.02866666667,NaN,NaN,REW_2,NaN,,1719.032
38,1736.192,TONE_1_LAG_500_REW_2_LAG_2000_VACUUM_1,1736.68693333333,1738.37803333333,1740.3902,NaN,NaN,REW_2,NaN,,1738.577
39,1755.53706666667,TONE_1_LAG_500_REW_3_LAG_2000_VACUUM_1,1756.032,1757.7045,1759.71613333333,NaN,NaN,REW_3,NaN,,1757.831
40,1774.86506666667,TONE_1_LAG_500_REW_1_LAG_2000_VACUUM_1,1775.37706666667,1777.04873333333,1779.058,NaN,NaN,REW_1,NaN,,1777.245
41,1794.23573333333,TONE_1_LAG_500_REW_1_LAG_2000_VACUUM_1,1794.72213333333,1796.41443333333,1798.4271,NaN,NaN,REW_1,NaN,,1796.558
42,1813.6064,TONE_1_LAG_500_REW_1_LAG_2000_VACUUM_1,1814.0928,1815.79176666667,1817.80873333333,NaN,NaN,REW_1,NaN,,1818.1
43,1832.95146666667,PAUSE_120,NaN,NaN,NaN,NaN,NaN,,NaN,,NaN
44,1955.02933333333,TONE_1_LAG_500_REW_1_LAG_2000_VACUUM_1,1955.5328,1957.22786666667,1959.2436,NaN,NaN,REW_1,NaN,,1957.356
45,1974.41706666667,TONE_1_LAG_500_REW_1_LAG_2000_VACUUM_1,1974.92053333333,1976.61726666667,1978.62626666667,NaN,NaN,REW_1,NaN,,NaN
46,1993.74506666667,TONE_1_LAG_500_REW_1_LAG_2000_VACUUM_1,1994.25706666667,1995.94913333333,1997.95666666667,NaN,NaN,REW_1,NaN,,1996.052
47,2013.11573333333,TONE_1_LAG_500_REW_1_LAG_2000_VACUUM_1,2013.60213333333,2015.30826666667,2017.3115,NaN,NaN,REW_1,NaN,,2015.526
48,2032.44373333333,TONE_1_LAG_2500,2032.95573333333,NaN,NaN,NaN,NaN,,NaN,,NaN
49,2051.84,TONE_1_LAG_500_REW_2_LAG_2000_VACUUM_1,2052.3264,2054.04153333333,2056.04566666667,NaN,NaN,REW_2,NaN,,2054.19
50,2071.23626666667,TONE_1_LAG_500_REW_2_LAG_2000_VACUUM_1,2071.74826666667,2073.42373333333,2075.43493333333,NaN,NaN,REW_2,NaN,,2073.585
51,2090.55573333333,TONE_1_LAG_500_REW_2_LAG_2000_VACUUM_1,2091.07626666667,2092.76603333333,2094.78026666667,NaN,NaN,REW_2,NaN,,2092.867
52,2109.88373333333,TONE_1_LAG_500_REW_3_LAG_2000_VACUUM_1,2110.39573333333,2112.10103333333,2114.10256666667,NaN,NaN,REW_3,NaN,,2112.104
53,2129.28,TONE_1_LAG_500_REW_1_LAG_2000_VACUUM_1,2129.7664,2131.4884,2133.50186666667,NaN,NaN,REW_1,NaN,,2133.799
54,2148.65066666667,TONE_1_LAG_500_REW_1_LAG_2000_VACUUM_1,2149.13706666667,2150.84806666667,2152.86073333333,NaN,NaN,REW_1,NaN,,2153.348
55,2168.0128,TONE_1_LAG_500_REW_1_LAG_2000_VACUUM_1,2168.54186666667,2170.23176666667,2172.2449,NaN,NaN,REW_1,NaN,,NaN
56,2187.3664,PAUSE_120,NaN,NaN,NaN,NaN,NaN,,NaN,,NaN
57,2309.21386666667,TONE_2,2309.71733333333,NaN,NaN,NaN,NaN,,NaN,,NaN
58,2346.05226666667,TONE_2,2346.55573333333,NaN,NaN,NaN,NaN,,NaN,,NaN
59,2382.8736,TONE_2,2383.37706666667,NaN,NaN,NaN,NaN,,NaN,,NaN
60,2419.72053333333,TONE_2,2420.23253333333,NaN,NaN,NaN,NaN,,NaN,,NaN
61,2456.54186666667,PAUSE_120,NaN,NaN,NaN,NaN,NaN,,NaN,,NaN
62,2578.26133333333,TONE_1_LAG_500_REW_1_LAG_2000_VACUUM_1,2578.7648,2580.44893333333,2582.4683,NaN,NaN,REW_1,NaN,,2580.68
63,2597.64906666667,TONE_1_LAG_500_REW_1_LAG_2000_VACUUM_1,2598.13546666667,2599.83223333333,2601.84346666667,NaN,NaN,REW_1,NaN,,2600.043
64,2617.0112,TONE_1_LAG_500_REW_1_LAG_2000_VACUUM_1,2617.54026666667,2619.22543333333,2621.23473333333,NaN,NaN,REW_1,NaN,,2621.504
65,2636.39893333333,TONE_1_LAG_500_REW_1_LAG_2000_VACUUM_1,2636.89386666667,2638.5936,2640.60646666667,NaN,NaN,REW_1,NaN,,2638.855
66,2655.70133333333,TONE_1_LAG_2500,2656.23893333333,NaN,NaN,NaN,NaN,,NaN,,NaN
67,2675.10613333333,TONE_1_LAG_500_REW_2_LAG_2000_VACUUM_1,2675.6096,2677.28993333333,2679.30583333333,NaN,NaN,REW_2,NaN,,2677.442
68,2694.49386666667,TONE_1_LAG_500_REW_2_LAG_2000_VACUUM_1,2695.00586666667,2696.6926,2698.7098,NaN,NaN,REW_2,NaN,,NaN
69,2713.82186666667,TONE_1_LAG_500_REW_2_LAG_2000_VACUUM_1,2714.33386666667,2716.02296666667,2718.0292,NaN,NaN,REW_2,NaN,,2716.17
70,2733.19253333333,TONE_1_LAG_500_REW_3_LAG_2000_VACUUM_1,2733.68746666667,2735.37036666667,2737.39856666667,NaN,NaN,REW_3,NaN,,2735.57
71,2752.54613333333,TONE_1_LAG_500_REW_1_LAG_2000_VACUUM_1,2753.0496,2754.7446,2756.75996666667,NaN,NaN,REW_1,NaN,,2754.94
72,2771.93386666667,TONE_1_LAG_500_REW_1_LAG_2000_VACUUM_1,2772.44586666667,2774.14933333333,2776.16356666667,NaN,NaN,REW_1,NaN,,2774.319
73,2791.3216,TONE_1_LAG_500_REW_1_LAG_2000_VACUUM_1,2791.8336,2793.51413333333,2795.525,NaN,NaN,REW_1,NaN,,2793.734
74,2810.63253333333,PAUSE_120,NaN,NaN,NaN,NaN,NaN,,NaN,,NaN
75,2932.4032,TONE_3_LAG_500_AIRPUFF_1,2932.9152,2942.6995,NaN,NaN,NaN,Airpuff,NaN,,2943.653
76,2988.14293333333,TONE_3_LAG_500_AIRPUFF_1,2988.65493333333,2998.45353333333,NaN,NaN,NaN,Airpuff,NaN,,2998.874
77,3043.89973333333,TONE_3_LAG_500_AIRPUFF_1,3044.4032,3054.19943333333,NaN,NaN,NaN,Airpuff,NaN,,NaN
78,3099.6992,PAUSE_120,NaN,NaN,NaN,NaN,NaN,,NaN,,NaN
79,3221.4272,TONE_1_LAG_500_REW_1_LAG_2000_VACUUM_1,3221.9392,3223.6086,3225.62283333333,NaN,NaN,REW_1,NaN,,3224.287
80,3240.79786666667,TONE_1_LAG_500_REW_1_LAG_2000_VACUUM_1,3241.28426666667,3242.97936666667,3244.98536666667,NaN,NaN,REW_1,NaN,,3243.168
81,3260.1088,TONE_1_LAG_500_REW_1_LAG_2000_VACUUM_1,3260.63786666667,3262.3267,3264.33543333333,NaN,NaN,REW_1,NaN,,3262.335
82,3279.52213333333,TONE_1_LAG_500_REW_1_LAG_2000_VACUUM_1,3280.0256,3281.71396666667,3283.71623333333,NaN,NaN,REW_1,NaN,,NaN
83,3298.88426666667,TONE_1_LAG_2500,3299.4048,NaN,NaN,NaN,NaN,,NaN,,NaN
84,3318.23786666667,TONE_1_LAG_500_REW_2_LAG_2000_VACUUM_1,3318.74986666667,3320.42903333333,3322.4308,NaN,NaN,REW_2,NaN,,3320.656
85,3337.56586666667,TONE_1_LAG_500_REW_2_LAG_2000_VACUUM_1,3338.07786666667,3339.76073333333,3341.7707,NaN,NaN,REW_2,NaN,,3339.971
86,3356.89386666667,TONE_1_LAG_500_REW_2_LAG_2000_VACUUM_1,3357.40586666667,3359.1016,3361.11356666667,NaN,NaN,REW_2,NaN,,NaN
87,3376.24746666667,TONE_1_LAG_500_REW_3_LAG_2000_VACUUM_1,3376.75946666667,3378.4397,3380.44996666667,NaN,NaN,REW_3,NaN,,3378.603
88,3395.61813333333,TONE_1_LAG_500_REW_1_LAG_2000_VACUUM_1,3396.13013333333,3397.82276666667,3399.8287,NaN,NaN,REW_1,NaN,,3398.056
89,3414.9888,TONE_1_LAG_500_REW_1_LAG_2000_VACUUM_1,3415.51786666667,3417.20123333333,3419.20576666667,NaN,NaN,REW_1,NaN,,3417.225
90,3434.3424,TONE_1_LAG_500_REW_1_LAG_2000_VACUUM_1,3434.8288,3436.54723333333,3438.5626,NaN,NaN,REW_1,NaN,,NaN
91,3453.73013333333,PAUSE_120,NaN,NaN,NaN,NaN,NaN,,NaN,,NaN
92,3575.5008,TONE_2,3576.0128,NaN,NaN,NaN,NaN,,NaN,,NaN
93,3612.37333333333,TONE_2,3612.8768,NaN,NaN,NaN,NaN,,NaN,,NaN
94,3649.19466666667,TONE_2,3649.69813333333,NaN,NaN,NaN,NaN,,NaN,,NaN
95,3685.97333333333,TONE_2,3686.45973333333,NaN,NaN,NaN,NaN,,NaN,,NaN
96,3722.81173333333,PAUSE_120,NaN,NaN,NaN,NaN,NaN,,NaN,,NaN
97,3844.64213333333,TONE_3_LAG_500_AIRPUFF_1,3845.12853333333,3854.97373333333,NaN,NaN,NaN,Airpuff,NaN,,NaN
98,3900.47573333333,TONE_3_LAG_500_AIRPUFF_1,3900.98773333333,3910.781,NaN,NaN,NaN,Airpuff,NaN,,NaN
99,3956.224,TONE_3_LAG_500_AIRPUFF_1,3956.7104,3966.5332,NaN,NaN,NaN,Airpuff,NaN,,NaN
100,4012.02346666667,PAUSE_120,NaN,NaN,NaN,NaN,NaN,,NaN,,NaN
101,4133.77706666667,TONE_1_LAG_500_REW_1_LAG_2000_VACUUM_1,4134.26346666667,4135.96723333333,4137.969,NaN,NaN,REW_1,NaN,,4136.173
102,4153.088,TONE_1_LAG_500_REW_1_LAG_2000_VACUUM_1,4153.59146666667,4155.27856666667,4157.29416666667,NaN,NaN,REW_1,NaN,,4156.295
103,4172.45866666667,TONE_1_LAG_500_REW_1_LAG_2000_VACUUM_1,4172.97066666667,4174.6522,4176.66183333333,NaN,NaN,REW_1,NaN,,4175.382
104,4191.8208,TONE_1_LAG_500_REW_1_LAG_2000_VACUUM_1,4192.3328,4194.01063333333,4196.02726666667,NaN,NaN,REW_1,NaN,,NaN
105,4211.1744,TONE_1_LAG_2500,4211.6864,NaN,NaN,NaN,NaN,,NaN,,NaN
106,4230.54506666667,TONE_1_LAG_500_REW_2_LAG_2000_VACUUM_1,4231.05706666667,4232.73133333333,4234.74646666667,NaN,NaN,REW_2,NaN,,NaN
107,4249.89866666667,TONE_1_LAG_500_REW_2_LAG_2000_VACUUM_1,4250.38506666667,4252.07403333333,4254.08893333333,NaN,NaN,REW_2,NaN,,NaN
108,4269.26933333333,TONE_1_LAG_500_REW_2_LAG_2000_VACUUM_1,4269.75573333333,4271.44906666667,4273.46313333333,NaN,NaN,REW_2,NaN,,4271.485
109,4288.58026666667,TONE_1_LAG_500_REW_3_LAG_2000_VACUUM_1,4289.08373333333,4290.77113333333,4292.78053333333,NaN,NaN,REW_3,NaN,,4290.979
110,4307.92533333333,TONE_1_LAG_500_REW_1_LAG_2000_VACUUM_1,4308.42026666667,4310.10696666667,4312.1217,NaN,NaN,REW_1,NaN,,NaN
111,4327.22773333333,TONE_1_LAG_500_REW_1_LAG_2000_VACUUM_1,4327.74826666667,4329.44073333333,4331.45296666667,NaN,NaN,REW_1,NaN,,4329.485
112,4346.5984,TONE_1_LAG_500_REW_1_LAG_2000_VACUUM_1,4347.11893333333,4348.81176666667,4350.82496666667,NaN,NaN,REW_1,NaN,,NaN
113,4365.9776,PAUSE_300,NaN,NaN,NaN,NaN,NaN,,NaN,,NaN
114,4669.568,ODOR-ON_1,NaN,4670.09103333333,NaN,NaN,NaN,Odor,4680.0896,,NaN
115,4710.38293333333,ODOR-ON_1,NaN,4710.89826666667,NaN,NaN,NaN,Odor,4720.896,,NaN
116,4751.18933333333,ODOR-ON_1,NaN,4751.72473333333,NaN,NaN,NaN,Odor,4761.728,,NaN
117,4792.1152,PAUSE_120,NaN,NaN,NaN,NaN,NaN,,NaN,,NaN
